

USE iw32sql;
-- --------------------------------------------------------
INSERT INTO `t_schedule_detail` (`put_schedule_id`, `num`, `screen_id`) VALUES
(1, 1, 1);
-- --------------------------------------------------------
--
-- テーブルのデータのダンプ `m_movie`
--
INSERT INTO `m_movie` (`movie_id`, `movie_title`, `movie_director`, `movie_production`, `movie_cost`, `put_movie`, `registration_day`, `update_day`, `movie_production_id`, `movie_genre_id`, `employee_id`) VALUES
(1, '君の名は', '深海誠', '20151108～20160608', 1000000000, '107', '2016-08-20', '2016-08-20', 1, 24, 1),
(2, 'ウシジマくん', 'ウシジマくん', '20151008～20160608', 100000, '107', '2016-08-20', '2016-08-20', 1, 24, 1);
-- --------------------------------------------------------
--
-- テーブルのデータのダンプ `t_put_schedule`
--

INSERT INTO `t_put_schedule` (`put_schedule_id`, `num`, `put_id`, `employee_id`, `put_time_id`, `Day_Mouth_ID`) VALUES
(1, 1, 1, 1, 1, 3),
(1, 2, 1, 1, 2, 3),
(1, 3, 1, 1, 3, 3),
(2, 1, 2, 1, 9, 5),
(2, 2, 2, 1, 7, 5),
(3, 1, 1, 1, 3, 1),
(3, 2, 1, 1, 3, 8),
(3, 3, 1, 1, 5, 8);

-- --------------------------------------------------------
--
-- テーブルのデータのダンプ `m_movie_img`
--

INSERT INTO `m_movie_img` (`movie_id`, `num`, `img`) VALUES
(1, 1, 'kiminona_detail_1-1.jpg'),
(2, 1, 'usijima_detail_1-1.jpg'),
(1, 2, 'kiminona_detail_1-2.jpg'),
(2, 2, 'usijima_detail_1-2.jpg'),
(1, 3, 'kiminona_detail_1-3.jpg'),
(2, 3, 'usijima_detail_1-3.jpg'),
(1, 4, 'kiminona_detail_1-4.jpg'),
(2, 4, 'usijima_detail_1-4.jpg'),
(1, 5, 'kiminona_detail_1-5.jpg'),
(2, 5, 'usijima_detail_1-5.jpg');

-- --------------------------------------------------------
--
-- テーブルのデータのダンプ `m_put_movie`
--

INSERT INTO `m_put_movie` (`put_id`, `employee_id`, `movie_id`, `put_flg`, `put_period_start`, `put_period_end`, `registration_day`, `update_day`) VALUES
(1, 1, 1, 1, '2016-08-26', '2017-08-26', '2016-08-20', '2016-08-20'),
(2, 1, 2, 1, '2016-08-26', '2017-08-26', '2016-08-20', '2016-08-20');

--
-- テーブルのデータのダンプ `m_day_mouth`
--
INSERT INTO `m_day_mouth` (`Day_Mouth_ID`, `mouth`, `day`) VALUES
(1, '1', '1'),
(2, '1', '2'),
(3, '1', '3'),
(4, '1', '4'),
(5, '1', '5'),
(6, '1', '6'),
(7, '1', '7'),
(8, '1', '8'),
(9, '1', '9'),
(10, '1', '10'),
(11, '1', '11'),
(12, '1', '12'),
(13, '1', '13'),
(14, '1', '14'),
(15, '1', '15'),
(16, '1', '16'),
(17, '1', '17'),
(18, '1', '18'),
(19, '1', '19'),
(20, '1', '20'),
(21, '1', '21'),
(22, '1', '22'),
(23, '1', '23'),
(24, '1', '24'),
(25, '1', '25'),
(26, '1', '26'),
(27, '1', '27'),
(28, '1', '28'),
(29, '1', '29'),
(30, '1', '30'),
(31, '1', '31'),
(32, '2', '1'),
(33, '2', '2'),
(34, '2', '3'),
(35, '2', '4'),
(36, '2', '5'),
(37, '2', '6'),
(38, '2', '7'),
(39, '2', '8'),
(40, '2', '9'),
(41, '2', '10'),
(42, '2', '11'),
(43, '2', '12'),
(44, '2', '13'),
(45, '2', '14'),
(46, '2', '15'),
(47, '2', '16'),
(48, '2', '17'),
(49, '2', '18'),
(50, '2', '19'),
(51, '2', '20'),
(52, '2', '21'),
(53, '2', '22'),
(54, '2', '23'),
(55, '2', '24'),
(56, '2', '25'),
(57, '2', '26'),
(58, '2', '27'),
(59, '2', '28'),
(60, '3', '1'),
(61, '3', '2'),
(62, '3', '3'),
(63, '3', '4'),
(64, '3', '5'),
(65, '3', '6'),
(66, '3', '7'),
(67, '3', '8'),
(68, '3', '9'),
(69, '3', '10'),
(70, '3', '11'),
(71, '3', '12'),
(72, '3', '13'),
(73, '3', '14'),
(74, '3', '15'),
(75, '3', '16'),
(76, '3', '17'),
(77, '3', '18'),
(78, '3', '19'),
(79, '3', '20'),
(80, '3', '21'),
(81, '3', '22'),
(82, '3', '23'),
(83, '3', '24'),
(84, '3', '25'),
(85, '3', '26'),
(86, '3', '27'),
(87, '3', '28'),
(88, '3', '29'),
(89, '3', '30'),
(90, '3', '31'),
(91, '4', '1'),
(92, '4', '2'),
(93, '4', '3'),
(94, '4', '4'),
(95, '4', '5'),
(96, '4', '6'),
(97, '4', '7'),
(98, '4', '8'),
(99, '4', '9'),
(100, '4', '10'),
(101, '4', '11'),
(102, '4', '12'),
(103, '4', '13'),
(104, '4', '14'),
(105, '4', '15'),
(106, '4', '16'),
(107, '4', '17'),
(108, '4', '18'),
(109, '4', '19'),
(110, '4', '20'),
(111, '4', '21'),
(112, '4', '22'),
(113, '4', '23'),
(114, '4', '24'),
(115, '4', '25'),
(116, '4', '26'),
(117, '4', '27'),
(118, '4', '28'),
(119, '4', '29'),
(120, '4', '30'),
(121, '4', '31');

-- --------------------------------------------------------
--
-- テーブルのデータのダンプ `m_employee`
--

INSERT INTO `m_employee` (`employee_id`, `sei`, `mei`, `pass`, `flg`) VALUES
(1, '秋山', '隆', 1223, 1),
(2, '佐伯', '遥', 1111, 0),
(3, '滝岡', '理央', 6666, 1);

-- --------------------------------------------------------
--
-- テーブルのデータのダンプ `m_fee`
--

INSERT INTO `m_fee` (`fee_id`, `employee_id`, `fee_name`, `fee_plan`, `fee_price`, `week_flg`, `day_flg`) VALUES
(1, 2, 'ファーストサービスデー', '毎月1日', '1,100円', 8, 1),
(2, 3, '女性サービスデー', '毎週金曜日・女性', '1,100円', 5, 0),
(3, 3, 'シニアデー', '５０歳以上', '1,300円', 0, 0),
(4, 3, '夫婦デー', '５０歳以上　夫婦', '1,100円', 0, 0),
(5, 2, '一般', '　', '1800円', 0, 0),
(6, 3, '学生（大高生）', '', '1500円', 0, 0),
(7, 3, '小中学生', '　', '800円', 0, 0),
(8, 3, '幼児（3歳～６歳）', '　', '500円', 0, 0);

-- --------------------------------------------------------
--
-- テーブルのデータのダンプ `m_member`
--

INSERT INTO `m_member` (`member_id`, `sei`, `mei`, `sei_kana`, `mei_kana`, `mail`, `pass`, `sex`, `birthday`, `card_no`, `card_pass`, `card_year`, `card_month`, `tel`) VALUES
(1, '浜本 ', '毅彦 ', 'はまもと ', 'たけひこ ', 'iida@docomo.ne.jp', '5432', 1, '1991-06-05', '1234398754324440', '9043', 2014, '12', '09054542344'),
(2, '坂根 ', '晴菜 ', 'さかね ', 'はるな ', 'rnevnerp@live.jp', '6666', 1, '1995-03-03', '1234398754324660', '1223', 2010, '1', '09054542555'),
(3, '谷口 ', '慶太 ', 'たにぐち ', 'けいた ', 'hal@docomo.ne.jp', '7900', 1, '1989-03-04', '1234387543334600', '7889', 2004, '3', '09054542322'),
(4, '妹尾 ', '理香 ', 'せお ', 'りか ', 'ThemHaruna@Qualified.com ', '9134', 0, '1991-06-06', '1234383806338060', '1111', 1970, '4', '09054542344'),
(5, '小沢 ', '蘭 ', 'おざわ ', 'らん ', 'Keita0136Taniguchi@Rejoice.ne.', '10368', 0, '1995-03-04', '1234378200843140', '1112', 1980, '3', '09054542555'),
(6, '高沢 ', '花奈 ', 'たかざわ ', 'かな ', 'Kanbayashi@Abronia.com ', '11602', 0, '1989-03-05', '1234372595348220', '1113', 1981, '11', '09054542322'),
(7, '玉井 ', '紗知 ', 'たまい ', 'さち ', 'Worthy@Cleanser.ne.jp ', '12836', 0, '1991-06-07', '1234366989853300', '1114', 1982, '4', '09054542344'),
(8, '赤羽 ', '千夜 ', 'あかばね ', 'ちよ ', '568Tomomi@Worthy.co.jp ', '14070', 0, '1995-03-05', '1234361384358380', '1115', 1983, '6', '09054542555'),
(9, '上林 ', '信男 ', 'かんばやし ', 'のぶお ', '457Yuuta@Puberty.ne.jp ', '15304', 1, '1989-03-06', '1234355778863460', '1116', 1984, '5', '09054542322'),
(10, '三田 ', '晃平 ', 'みた ', 'こうへい ', 'Matsumura-1568@Biceps.ne.jp ', '16538', 1, '1991-06-08', '1234350173368540', '1117', 1985, '11', '09054542344'),
(11, '遠山 ', '朋美 ', 'とおやま ', 'ともみ ', 'Aliceblue@Betrayal.com ', '17772', 1, '1995-03-06', '1234344567873620', '1118', 1986, '8', '09054542555'),
(12, '吉川 ', '悠太 ', 'よしかわ ', 'ゆうた ', 'MasakoYamaji@Remain.org ', '19006', 1, '1989-03-07', '1234338962378700', '1119', 1987, '5', '09054542322'),
(13, '北島 ', '隆光 ', 'きたじま ', 'たかみつ ', 'Makoto@Aliceblue.com ', '20240', 1, '1991-06-09', '1234333356883780', '1120', 1988, '3', '09054542344'),
(14, '小峰 ', '賢三 ', 'こみね ', 'けんぞう ', 'Taigo@Olive.com ', '21474', 1, '1995-03-07', '1234327751388860', '1121', 1989, '9', '09054542555'),
(15, '松村 ', '浅夫 ', 'まつむら ', 'あさお ', 'Tomomi_Anecdote@Anecdote.org ', '22708', 0, '1989-03-08', '1234322145893940', '1122', 1990, '10', '09054542322'),
(16, '上村 ', '恵津子 ', 'うえむら ', 'えつこ ', 'Colt@Colt.org ', '23942', 0, '1991-06-10', '1234316540399020', '1123', 1991, '4', '09054542344'),
(17, '浦野 ', '翔子 ', 'うらの ', 'しょうこ ', 'Komuro0347@Frustrate.co.jp ', '25176', 0, '1995-03-08', '1234310934904100', '1124', 1992, '3', '09054542555'),
(18, '山路 ', '昌子 ', 'やまじ ', 'まさこ ', '', '26410', 0, '1989-03-09', '1234305329409180', '1125', 1993, '12', '09054542322'),
(19, '西野 ', '真 ', 'にしの ', 'まこと ', '', '27644', 0, '1991-06-11', '1234299723914260', '1126', 1994, '1', '09054542344'),
(20, '森本 ', '大悟 ', 'もりもと ', 'たいご ', '', '28878', 1, '1995-03-09', '1234294118419340', '1127', 1995, '4', '09054542555'),
(21, '浅見 ', '里菜 ', 'あさみ ', 'りな ', '', '30112', 1, '1989-03-10', '1234288512924420', '1128', 1996, '12', '09054542322'),
(22, '河田 ', '麻梨 ', 'かわだ ', 'まり ', '', '31346', 1, '1991-06-12', '1234282907429500', '1129', 1997, '11', '09054542344'),
(23, '半沢 ', '一美 ', 'はんざわ ', 'かずみ ', '', '32580', 1, '1995-03-10', '1234277301934580', '1130', 1998, '3', '09054542555'),
(24, '岩井 ', '庸子 ', 'いわい ', 'ようこ ', '', '33814', 0, '1989-03-11', '1234271696439660', '1131', 1999, '10', '09054542322'),
(25, '新村 ', '彩女 ', 'にいむら ', 'あやめ ', '', '35048', 0, '1991-06-13', '1234266090944740', '1132', 2000, '9', '09054542344');

-- --------------------------------------------------------
--
-- テーブルのデータのダンプ `m_movie_genre`
--

INSERT INTO `m_movie_genre` (`movie_genre_id`, `genre_name`) VALUES
(1, 'アクション映画'),
(2, '冒険映画'),
(3, 'アニメーション映画'),
(4, '伝記映画'),
(5, 'コメディ映画'),
(6, '犯罪映画'),
(7, 'ドキュメンタリー映画'),
(8, 'ドラマ'),
(9, 'ファミリー映画'),
(10, 'ファンタジー映画'),
(11, 'フィルムノワール'),
(12, '歴史映画'),
(13, 'ホラー映画'),
(14, '音楽'),
(15, 'ミュージカル映画'),
(16, 'ミステリー映画'),
(17, 'ロマンス'),
(18, 'SF映画'),
(19, '短編映画'),
(20, 'スポーツ'),
(21, 'スリラー映画'),
(22, '戦争映画'),
(23, '西部劇'),
(24, '恋愛映画');

-- --------------------------------------------------------
--
-- テーブルのデータのダンプ `m_movie_img`
--

INSERT INTO `m_movie_img` (`movie_id`, `num`, `img`) VALUES
(1, 1, 'kiminona_detail_1-1.jpg'),
(2, 1, 'usijima_detail_1-1.jpg'),
(1, 2, 'kiminona_detail_1-2.jpg'),
(2, 2, 'usijima_detail_1-2.jpg'),
(1, 3, 'kiminona_detail_1-3.jpg'),
(2, 3, 'usijima_detail_1-3.jpg'),
(1, 4, 'kiminona_detail_1-4.jpg'),
(2, 4, 'usijima_detail_1-4.jpg'),
(1, 5, 'kiminona_detail_1-5.jpg'),
(2, 5, 'usijima_detail_1-5.jpg');

-- --------------------------------------------------------
-- テーブルのデータのダンプ `m_movie_production`
--

INSERT INTO `m_movie_production` (`movie_production_id`, `movie_name`) VALUES
(1, 'コミックス・ウェーブ・フィルム');

-- --------------------------------------------------------
--
-- テーブルのデータのダンプ `m_performer`
--

INSERT INTO `m_performer` (`num`, `movie_id`, `performer_name`) VALUES
(1, 1, '神木隆之介'),
(2, 2, '上白石萌音'),
(3, 3, '長澤まさみ'),
(4, 4, '市原悦子');

-- --------------------------------------------------------
--
-- テーブルのデータのダンプ `m_put_time`
--

INSERT INTO `m_put_time` (`put_time_id`, `time`) VALUES
(1, '09:00:00'),
(2, '09:15:00'),
(3, '09:30:00'),
(4, '09:45:00'),
(5, '10:00:00'),
(6, '10:15:00'),
(7, '10:30:00'),
(8, '10:45:00'),
(9, '11:00:00');

-- --------------------------------------------------------
--
-- テーブルのデータのダンプ `m_screen`
--

INSERT INTO `m_screen` (`screen_id`, `number_seat`, `flg`) VALUES
(1, '18', NULL),
(2, '17', NULL),
(3, '99', NULL),
(4, '96', NULL),
(5, '99', NULL),
(6, '15', NULL);

-- --------------------------------------------------------
--
-- テーブルのデータのダンプ `m_seat`
--

INSERT INTO `m_seat` (`seat_id`, `seat_name`) VALUES
(1, 'A1'),
(2, 'A2'),
(3, 'A3'),
(4, 'A4'),
(5, 'A5'),
(6, 'A6'),
(7, 'A7'),
(8, 'A8'),
(9, 'A9'),
(10, 'A10'),
(11, 'B1'),
(12, 'B2'),
(13, 'B3'),
(14, 'B4'),
(15, 'B5'),
(16, 'B6'),
(17, 'B7'),
(18, 'B8'),
(19, 'B9'),
(20, 'B10'),
(21, 'C1'),
(22, 'C2'),
(23, 'C3'),
(24, 'C4'),
(25, 'C5'),
(26, 'C6'),
(27, 'C7'),
(28, 'C8'),
(29, 'C9'),
(30, 'C10'),
(31, 'D1'),
(32, 'D2'),
(33, 'D3'),
(34, 'D4'),
(35, 'D5'),
(36, 'D6'),
(37, 'D7'),
(38, 'D8'),
(39, 'D9'),
(40, 'D10'),
(41, 'E1'),
(42, 'E2'),
(43, 'E3'),
(44, 'E4'),
(45, 'E5'),
(46, 'E6'),
(47, 'E7'),
(48, 'E8'),
(49, 'E9'),
(50, 'E10'),
(51, 'F1'),
(52, 'F2'),
(53, 'F3'),
(54, 'F4'),
(55, 'F5'),
(56, 'F6'),
(57, 'F7'),
(58, 'F8'),
(59, 'F9'),
(60, 'F10'),
(61, 'G1'),
(62, 'G2'),
(63, 'G3'),
(64, 'G4'),
(65, 'G5'),
(66, 'G6'),
(67, 'G7'),
(68, 'G8'),
(69, 'G9'),
(70, 'G10'),
(71, 'H1'),
(72, 'H2'),
(73, 'H3'),
(74, 'H4'),
(75, 'H5'),
(76, 'H6'),
(77, 'H7'),
(78, 'H8'),
(79, 'H9'),
(80, 'H10'),
(81, 'I1'),
(82, 'I2'),
(83, 'I3'),
(84, 'I4'),
(85, 'I5'),
(86, 'I6'),
(87, 'I7'),
(88, 'I8'),
(89, 'I9'),
(90, 'I10'),
(91, 'J1'),
(92, 'J2'),
(93, 'J3'),
(94, 'J4'),
(95, 'J5'),
(96, 'J6'),
(97, 'J7'),
(98, 'J8'),
(99, 'J9'),
(100, 'J10');

-- --------------------------------------------------------
--
-- テーブルのデータのダンプ `t_reservation`
--

INSERT INTO `t_reservation` (`reservation_id`, `member_id`, `reservation_day`, `reservation_time`, `put_schedule_id`, `num`) VALUES
(1, 1, '2016-11-09', '11:00:00', 1, 1);

-- --------------------------------------------------------
--
-- テーブルのデータのダンプ `t_reservation_detail`
--

INSERT INTO `t_reservation_detail` (`detail_num`, `reservation_id`, `fee_id`, `seat_id`, `tiket_number`) VALUES
(1, 1, 1, 1, 1);
-- --------------------------------------------------------
--
-- テーブルのデータのダンプ `t_screen_detail`
--

INSERT INTO `t_screen_detail` (`screen_num`, `screen_id`, `seat_id`, `flg`) VALUES
(1, 1, 1, NULL);
